{
    "run_name": "yolo11s_firearm_v1",
    "precision_mean": 0.8793657194433577,
    "recall_mean": 0.6861313868613139,
    "f1_score": 0.7708222938246649,
    "map_50": 0.7272551282742328,
    "map_50_95": 0.4235839977266173
}