{
    "run_name": "yolo11n_100ep_768",
    "timestamp": "2026-03-17T23:46:51.245628",
    "precision_mean": 0.9592196470492611,
    "recall_mean": 0.6277372262773723,
    "f1_score": 0.758858052567258,
    "map_50": 0.7151428698607919,
    "map_50_95": 0.4151220611631753
}