{
    "run_name": "yolo11n_firearm_v1",
    "precision_mean": 0.9025898564668862,
    "recall_mean": 0.6087257193273953,
    "f1_score": 0.7270874526690874,
    "map_50": 0.6956366907413503,
    "map_50_95": 0.3932372443739087
}