{
    "run_name": "yolo11n_firearm_v1",
    "precision_mean": 0.9008898680548164,
    "recall_mean": 0.6634946477033912,
    "f1_score": 0.7641794169065566,
    "map_50": 0.7218970648477481,
    "map_50_95": 0.4127485505966778
}